filename,style
ACK1VT002,9
ACK9CA004,5
ACK9CA005,9
ACL9BL003,9
ACL9CA007,5
ACL9JK001,9
ACL9JK002,9
ACL9JP002,9
ACL9JP005,9
ACL9JP008,9
ACL9OP003,9
ACL9PT001,9
ACL9VT001,9
ACL9VT006,5
ACL9WS002,9
ADC3WS001,9
ADC9DP001,9
ADJ3CA007,9
ADK1BL002,2
ADK1JK001,9
ADK1PT005,9
ADK2LG003,9
ADK2PT001,9
ADK2PT002,9
ADK3CA002,9
ADK3CA008,16
ADK7TS011,9
ADK8CA004,9
ADK8CD004,20
ADK8JP001,9
ADK8JP003,10
ADK8JP006,6
ADK8JP007,9
ADK8JP008,6
ADK8JP009,9
ADK8JP010,6
ADK8JP011,6
ADK8JP012,6
ADK8JP013,9
ADK8JP014,9
ADK8JP015,9
ADK8JP016,6
ADK8JP017,9
ADK8JP018,9
ADK8JP020,6
ADK8JP021,6
ADK8JP022,9
ADK8JP023,9
ADK8JP024,9
ADK8KT004,2
ADK8OP003,2
ADK8TS002,9
ADK8TS003,9
ADK8TS004,9
ADK8VT001,9
ADK8VT006,9
ADL1BL001,9
ADL1BL002,9
ADL1BL003,9
ADL1CD001,9
ADL1DP001,9
ADL1DP002,9
ADL1JK001,4
ADL1JP001,9
ADL1JP003,10
ADL1JP004,9
ADL1JP005,9
ADL1KT001,9
ADL1KT002,9
ADL1LG001,9
ADL1LG002,5
ADL1LG003,9
ADL1LG005,9
ADL1LG006,9
ADL1LG007,9
ADL1LG008,9
ADL1OP001,2
ADL1OP002,9
ADL1OP003,9
ADL1PT001,9
ADL1PT002,5
ADL1PT003,9
ADL1PT004,9
ADL1TS001,9
ADL1TS002,9
ADL1TS003,2
ADL1TS004,9
ADL1TS005,9
ADL1TS006,9
ADL1TS007,9
ADL1TS008,9
ADL1TS009,9
ADL1TS010,9
ADL1TS011,9
ADL1TS012,9
ADL1TS013,9
ADL1TS014,9
ADL1TS015,9
ADL1TS016,9
ADL1TS018,9
ADL1TS019,9
ADL1TS020,9
ADL1TS021,9
ADL1TS022,5
ADL1VT001,5
ADL1VT002,9
ADL1VT003,9
ADL1VT004,9
ADL1VT005,9
ADL2DP001,9
ADL2DP002,9
ADL2DP003,9
ADL2DP004,9
ADL2DP005,9
ADL3BL001,2
ADL7BL001,9
ADL7JP001,9
ADL7JP002,9
ADL7JP003,6
ADL7JP004,9
ADL7JP005,10
ADL7JP006,9
ADL7JP007,9
ADL7JP008,9
ADL7KT001,3
ADL7KT005,9
ADL7KT008,9
ADL7KT011,9
ADL7OP001,5
ADL8CA001,5
ADL8CA002,9
ADL8CA003,5
ADL8CD001,9
ADL8DP001,9
ADL8JP001,9
ADL8JP002,9
ADL8JP003,9
ADL8JP004,9
ADL8JP005,9
ADL8KT001,9
ADL8KT003,20
ADL8KT004,9
ADL8KT005,9
ADL8KT006,9
ADL8KT007,9
ADL8KT008,9
ADL8KT009,9
ADL8KT010,9
ADL8KT011,9
ADL8KT012,9
ADL8KT013,9
ADL8KT014,9
ADL8KT015,9
ADL8KT016,9
ADL8KT017,9
ADL8KT018,8
ADL8OP002,5
ADL8OP003,9
ADL8PT001,9
ADL8PT002,9
ADL8PT003,9
ADL8PT004,9
ADL8PT005,9
ADL8SK001,9
ADL8SK002,9
ADL8SK003,5
ADL8SK004,9
ADL8ST001,11
ADL8TS001,9
ADL8TS002,9
ADL8TS003,9
ADL8TS004,9
ADL8VT001,9
ADL8VT002,9
ADL9KT002,9
ADL9KT003,9
ADL9KT004,9
ADL9KT006,9
ADL9KT007,9
ADL9KT009,9
ADL9OP004,2
ADL9OP005,2
ADL9OP006,5
ADL9PT001,9
ADL9PT002,9
ADL9PT003,9
ADL9TS003,9
ADL9TS004,9
ADL9TS008,9
ADL9TS009,9
ADL9TS018,2
AE00WS001,9
AEA1BL001,9
AEA1BL002,2
AEA1BL003,9
AEA1CA001,9
AEA1CA002,14
AEA1CA003,9
AEA1CA004,5
AEA1CA005,5
AEA1JP001,10
AEA1JP002,9
AEA1KT001,5
AEA1KT002,9
AEA1KT003,9
AEA1KT004,5
AEA1KT005,5
AEA1KT006,9
AEA1KT007,5
AEA1KT008,9
AEA1KT009,9
AEA1KT010,9
AEA1KT011,9
AEA1OP001,5
AEA1OP002,20
AEA1OP003,2
AEA1OP004,9
AEA1OP005,9
AEA1OP006,9
AEA1OP007,9
AEA1OP008,9
AEA1PT001,9
AEA1PT002,9
AEA1SK001,9
AEA1SK002,9
AEA1TS001,9
AEA1TS002,5
AEA1TS003,5
AEA1VT001,9
AEA1VT002,9
AEA1VT003,22
AEA1VT004,9
AEA1VT005,9
AEA1VT007,5
AEA1VT009,9
AEA1VT010,9
AEA1VT011,9
AEA1VT012,9
AEA1VT013,9
AEA1WS005,5
AEA1WS006,9
AEA7BL002,9
AEA7BL003,20
AEA7BL004,5
AEA7BL005,5
AEA7BL006,9
AEA7CD002,9
AEA7CD003,5
AEA7CD004,5
AEA7CD005,9
AEA7CD006,2
AEA7CD007,5
AEA7JP001,9
AEA7JP002,9
AEA7KT003,9
AEA7KT007,9
AEA7KT008,9
AEA7KT009,9
AEA7KT010,9
AEA7KT011,9
AEA7KT013,9
AEA7KT014,9
AEA7KT015,9
AEA7KT016,9
AEA7KT017,2
AEA7KT029,9
AEA7KT030,11
AEA7KT031,5
AEA7KT032,5
AEA7KT033,9
AEA7KT034,9
AEA7KT035,9
AEA7KT036,9
AEA7OP001,9
AEA7OP002,5
AEA7OP004,2
AEA7OP005,9
AEA7OP006,9
AEA7OP007,2
AEA7PT001,9
AEA7PT002,5
AEA7PT003,5
AEA7SK001,9
AEA7ST001,9
AEA7ST002,20
AEA7ST003,9
AEA7ST004,9
AEA7ST005,9
AEA7TS001,9
AEA7VT001,5
AEA7VT002,9
AEA7WS003,9
AEA7WS004,9
AEA8BL001,9
AEA8CA001,9
AEA8CA002,9
AEA8KT001,5
AEA8KT002,9
AEA8KT003,9
AEA8KT004,9
AEA8KT005,9
AEA8KT006,9
AEA8KT007,9
AEA8KT008,9
AEA8KT009,9
AEA8KT010,9
AEA8KT011,9
AEA8KT012,9
AEA8KT013,9
AEA8KT021,9
AEA8KT023,9
AEA8KT024,9
AEA8OP001,9
AEA8OP002,9
AEA8OP004,5
AEA8SK001,9
AEA8SK004,9
AEA8VT001,9
AEA8WS001,9
AEA9BL002,2
AEA9BL003,9
AEA9CA001,14
AEA9CA002,9
AEA9CD001,9
AEA9JK001,9
AEA9JP001,10
AEA9KT001,9
AEA9KT002,9
AEA9KT003,9
AEA9KT004,9
AEA9KT005,10
AEA9KT006,5
AEA9KT007,9
AEA9KT008,9
AEA9KT009,9
AEA9KT010,5
AEA9OP001,9
AEA9OP002,5
AEA9OP003,9
AEA9PT001,9
AEA9PT002,9
AEA9PT003,9
AEA9PT004,9
AEA9PT005,9
AEA9PT006,9
AEA9PT007,9
AEA9SK001,9
AEA9SK002,9
AEA9SK003,9
AEA9ST001,9
AEA9TS001,10
AEA9TS002,9
AEA9TS003,9
AEA9TS004,9
AEA9TS005,10
AEA9TS006,2
AEA9TS007,9
AEA9TS008,9
AEA9VT001,9
AEA9VT002,9
AEA9VT003,5
AEA9VT004,2
AEA9WS001,9
AEA9WS002,9
AEA9WS003,9
AEA9WS004,9
AEB1BL001,5
AEB1BL002,1
AEB1BL003,5
AEB1BL004,9
AEB1BL005,9
AEB1BL006,9
AEB1BL007,9
AEB1CA001,5
AEB1CA002,9
AEB1JP001,9
AEB1OP002,9
AEB1OP003,20
AEB1OP004,9
AEB1PT001,8
AEB1PT002,9
AEB1SK001,9
AEB1TS001,9
AEB1TS002,5
AEB1TS003,2
AEB1TS004,9
AEB1TS005,2
AEB1WS001,9
AEB1WS002,4
AEB1WS003,9
AEB1WS004,9
AEB1WS005,9
AEB1WS006,9
AEB3TS001,9
AEB8BL001,9
AEB8CD001,5
AEB8KT001,9
AEB8KT002,9
AEB8KT003,9
AEB8KT004,9
AEB8KT005,9
AEB8OP001,2
AEB8SK001,9
AEB8SK002,2
AEB9BL001,9
AEB9BL002,10
AEB9BL003,11
AEB9BL004,9
AEB9JP001,9
AEB9JP002,5
AEB9JP003,9
AEB9KT001,5
AEB9KT002,9
AEB9KT003,9
AEB9PT001,9
AEB9PT002,9
AEB9PT003,4
AEB9TS001,9
AEB9TS002,9
AEB9TS003,12
AEB9TS004,9
AEB9VT001,9
AEB9VT002,9
AEB9WS001,9
AEC1BL001,9
AEC1BL002,2
AEC1BL003,22
AEC1BL004,9
AEC1BL005,9
AEC1BL006,9
AEC1BL008,20
AEC1BL009,9
AEC1CA001,5
AEC1CA002,9
AEC1CA003,9
AEC1CA004,11
AEC1CA005,5
AEC1CA006,8
AEC1CA007,6
AEC1CA008,16
AEC1CD001,9
AEC1CD002,5
AEC1CD003,9
AEC1CD004,9
AEC1CD005,20
AEC1CD006,8
AEC1CD007,9
AEC1CD008,9
AEC1DP001,9
AEC1DP002,9
AEC1JK001,14
AEC1JK002,20
AEC1JK003,14
AEC1JP001,9
AEC1JP002,9
AEC1JP003,10
AEC1JP004,9
AEC1JP005,5
AEC1JP006,9
AEC1JP007,9
AEC1JP008,9
AEC1KT001,9
AEC1KT002,9
AEC1KT003,9
AEC1LG001,9
AEC1OP001,16
AEC1OP002,9
AEC1OP003,11
AEC1PT001,22
AEC1PT002,17
AEC1PT003,2
AEC1PT004,9
AEC1PT005,9
AEC1PT006,9
AEC1PT007,9
AEC1PT008,9
AEC1PT009,8
AEC1PT010,9
AEC1PT011,9
AEC1PT012,9
AEC1PT013,9
AEC1PT014,9
AEC1PT015,9
AEC1TN001,2
AEC1TN002,9
AEC1TS001,2
AEC1TS002,22
AEC1TS003,9
AEC1TS004,9
AEC1TS005,2
AEC1TS006,2
AEC1TS008,9
AEC1TS009,9
AEC1TS010,9
AEC1VT001,5
AEC2BL001,2
AEC2BL002,7
AEC2BL003,20
AEC2BL006,2
AEC2BL007,5
AEC2BL008,9
AEC2BL009,9
AEC2BL010,2
AEC2BL011,9
AEC2BL012,9
AEC2BL013,11
AEC2BL014,11
AEC2BL015,9
AEC2BL016,5
AEC2CA001,9
AEC2CA002,9
AEC2CA003,11
AEC2CA004,5
AEC2CA005,5
AEC2CD001,9
AEC2CD003,9
AEC2DP003,9
AEC2DP004,9
AEC2JP001,10
AEC2JP002,9
AEC2JP003,9
AEC2JP004,9
AEC2JP005,10
AEC2JP006,9
AEC2KT001,5
AEC2KT002,9
AEC2OP002,9
AEC2OP003,2
AEC2OP004,9
AEC2OP005,20
AEC2OP006,20
AEC2OP007,9
AEC2PT001,9
AEC2PT002,9
AEC2PT003,5
AEC2PT004,9
AEC2PT005,9
AEC2PT006,9
AEC2SK001,9
AEC2SK002,2
AEC2TS001,2
AEC2TS002,2
AEC2TS003,9
AEC2TS004,2
AEC2TS005,9
AEC2TS006,9
AEC2TS007,9
AEC2TS008,9
AEC2TS009,9
AEC2TS010,9
AEC2TS011,9
AEC2TS012,9
AEC2TS013,17
AEC2TS014,9
AEC2TS015,5
AEC2TS016,2
AEC2VT001,9
AEC2VT002,9
AEC2VT003,10
AEC2VT004,9
AEC2WS001,9
AEC2WS002,9
AEC3BL001,5
AEC3TS001,2
AEC8BL001,9
AEC8BL002,9
AEC8BL003,9
AEC8BL004,2
AEC8BL005,9
AEC8BL006,9
AEC8BL007,9
AEC8BL008,5
AEC8BL009,2
AEC8BL010,10
AEC8BL012,9
AEC8BL013,9
AEC8BL014,9
AEC8BL018,9
AEC8BL019,9
AEC8BL020,9
AEC8BL021,9
AEC8BL022,5
AEC8BL023,9
AEC8BL025,9
AEC8BL026,9
AEC8BL027,9
AEC8BL028,9
AEC8CA001,9
AEC8CA003,10
AEC8CD001,9
AEC8CD003,9
AEC8CD004,8
AEC8CD005,9
AEC8CD006,9
AEC8CD007,12
AEC8CD008,5
AEC8CD010,9
AEC8CD011,9
AEC8CD012,9
AEC8CD013,8
AEC8CD014,2
AEC8CD015,5
AEC8CD016,9
AEC8CD017,5
AEC8CD018,9
AEC8CD019,9
AEC8CD020,8
AEC8CD021,5
AEC8DP001,9
AEC8JK001,5
AEC8JK002,9
AEC8JK003,9
AEC8JK004,11
AEC8JK005,9
AEC8JP001,20
AEC8JP002,10
AEC8JP003,9
AEC8JP004,10
AEC8JP005,9
AEC8KT001,9
AEC8KT002,9
AEC8KT003,2
AEC8KT004,20
AEC8KT005,9
AEC8KT006,9
AEC8KT007,9
AEC8KT008,9
AEC8KT009,2
AEC8KT010,2
AEC8KT011,9
AEC8KT012,9
AEC8KT013,5
AEC8KT014,2
AEC8KT015,2
AEC8KT016,7
AEC8KT017,9
AEC8KT018,9
AEC8KT019,2
AEC8KT020,9
AEC8KT021,2
AEC8KT023,9
AEC8KT024,9
AEC8KT025,9
AEC8OP001,2
AEC8OP002,2
AEC8OP003,9
AEC8OP004,9
AEC8OP005,6
AEC8OP006,12
AEC8OP007,2
AEC8OP009,9
AEC8OP010,9
AEC8OP011,20
AEC8OP012,5
AEC8OP013,9
AEC8OP014,20
AEC8OP015,22
AEC8OP016,6
AEC8PT001,9
AEC8PT002,9
AEC8PT003,9
AEC8SK001,9
AEC8SK002,9
AEC8SK003,9
AEC8SK004,9
AEC8SK005,9
AEC8SK006,9
AEC8SK007,9
AEC8SK008,22
AEC8SK009,9
AEC8SK010,9
AEC8SK011,9
AEC8ST001,9
AEC8ST002,5
AEC8ST003,17
AEC8TS002,9
AEC8TS003,9
AEC8TS004,9
AEC8TS005,9
AEC8TS006,9
AEC8TS007,9
AEC8TS008,9
AEC8TS009,1
AEC8TS010,9
AEC8VT001,9
AEC8VT002,9
AEC8VT003,9
AEC8VT004,9
AEC8VT005,9
AEC8VT007,9
AEC8VT008,9
AEC8WS001,9
AEC8WS002,6
AEC8WS003,9
AEC8WS004,9
AEC8WS005,9
AEC8WS006,2
AEC8WS007,9
AEC8WS008,2
AEC9BL001,2
AEC9JP001,9
AEC9JP002,5
AEC9JP003,9
AEC9KT001,9
AEC9KT002,9
AEC9VT001,9
AED1BL001,9
AED1BL002,9
AED1BL003,9
AED1BL004,11
AED1BL005,11
AED1BL006,9
AED1BL007,5
AED1BL008,2
AED1BL009,5
AED1BL010,9
AED1BL011,2
AED1BL012,9
AED1BL013,9
AED1BL014,5
AED1BL015,9
AED1BL016,2
AED1BL017,9
AED1BL018,9
AED1BL019,9
AED1BL020,9
AED1BL021,9
AED1BL022,9
AED1BL023,2
AED1CA001,9
AED1CA002,5
AED1CA003,5
AED1CA004,9
AED1CD001,9
AED1CD002,17
AED1CD009,9
AED1CD010,9
AED1CD011,5
AED1CD012,9
AED1CD013,2
AED1DP001,9
AED1JK001,9
AED1JK002,9
AED1JK003,9
AED1JK004,11
AED1JK005,5
AED1JK006,9
AED1JP001,9
AED1JP002,10
AED1JP003,9
AED1JP004,5
AED1JP005,9
AED1KT001,3
AED1KT002,9
AED1LG001,9
AED1LG002,22
AED1OP001,9
AED1OP002,2
AED1OP003,20
AED1OP004,9
AED1OP005,9
AED1OP006,9
AED1OP007,20
AED1OP008,20
AED1OP009,9
AED1OP010,9
AED1OP011,2
AED1OP012,2
AED1OP013,9
AED1PT001,9
AED1PT002,9
AED1PT003,22
AED1PT004,9
AED1PT005,5
AED1PT006,9
AED1PT007,9
AED1SK001,5
AED1SK002,5
AED1SK003,20
AED1SK004,2
AED1SK005,20
AED1ST001,9
AED1TS001,9
AED1TS002,9
AED1TS003,9
AED1TS004,5
AED1TS005,9
AED1TS006,17
AED1TS007,9
AED1TS008,9
AED1TS009,9
AED1TS010,2
AED1TS011,9
AED1TS012,9
AED1TS013,9
AED1TS014,9
AED1TS015,9
AED1TS016,5
AED1TS017,5
AED1VT001,9
AED1WS001,5
AED2CA001,6
AED2VT001,5
AED3JK001,2
AED8BL001,9
AED8BL002,9
AED8BL003,2
AED8BL004,9
AED8BL005,9
AED8BL006,9
AED8BL007,9
AED8BL008,2
AED8BL009,11
AED8BL010,9
AED8BL011,2
AED8BL012,2
AED8BL013,5
AED8BL014,5
AED8BL015,2
AED8BL016,9
AED8BL017,2
AED8BL018,9
AED8BL019,9
AED8BL020,9
AED8BL021,2
AED8BL022,10
AED8BL023,2
AED8BL024,2
AED8BL025,9
AED8BL026,9
AED8BL027,9
AED8BL028,11
AED8BL029,9
AED8BL030,22
AED8BL031,2
AED8BL032,9
AED8BL033,2
AED8BL034,9
AED8BL035,9
AED8BL036,9
AED8BL037,12
AED8CD001,5
AED8CD002,10
AED8CD003,9
AED8CD004,9
AED8CD005,5
AED8CD006,5
AED8CD007,5
AED8CD008,9
AED8CD009,20
AED8DP001,9
AED8DP002,9
AED8DP003,9
AED8DP004,9
AED8DP005,9
AED8DP006,9
AED8DP008,9
AED8JK001,2
AED8JK002,5
AED8JK003,22
AED8JK004,9
AED8JK005,9
AED8JP001,9
AED8JP002,5
AED8JP003,9
AED8JP004,5
AED8JP005,20
AED8JP006,9
AED8JP007,5
AED8JP008,17
AED8KT001,3
AED8KT002,9
AED8KT003,2
AED8KT004,9
AED8KT005,9
AED8KT006,5
AED8KT007,2
AED8OP001,5
AED8OP002,2
AED8OP003,5
AED8OP004,5
AED8OP005,5
AED8OP006,9
AED8OP014,9
AED8OP015,9
AED8OP016,22
AED8OP017,20
AED8OP018,22
AED8OP019,9
AED8OP020,9
AED8OP021,3
AED8OP022,9
AED8OP023,2
AED8OP024,2
AED8OP025,9
AED8OP026,9
AED8OP027,2
AED8OP028,2
AED8OP029,2
AED8OP030,2
AED8PT001,9
AED8PT002,9
AED8PT003,9
AED8SK001,9
AED8SK002,10
AED8SK003,9
AED8SK004,9
AED8TS001,9
AED8TS002,9
AED8TS003,2
AED8TS004,9
AED8TS005,5
AED8TS006,2
AED8TS007,12
AED8TS008,9
AED8TS009,2
AED8TS011,9
AED8TS012,9
AED8TS013,5
AED8TS014,9
AED8TS015,9
AED8TS016,2
AED8TS017,2
AED8TS018,2
AED8TS019,9
AED8TS020,9
AED8TS021,9
AED8TS022,9
AED8TS023,9
AED8TS024,9
AED8TS025,22
AED8WS001,20
AED8WS002,12
AED8WS003,9
AED8WS038,12
AEE1BL001,9
AEE1BL002,9
AEE1BL003,9
AEE1BL004,9
AEE1BL005,9
AEE1BL006,9
AEE1BL007,10
AEE1BL008,22
AEE1BL009,22
AEE1BL010,9
AEE1BL011,9
AEE1BL012,5
AEE1BL013,9
AEE1BL014,9
AEE1BL015,10
AEE1BL016,9
AEE1BL017,9
AEE1CA001,9
AEE1CA002,9
AEE1CA003,9
AEE1CA004,9
AEE1CD001,2
AEE1CD002,9
AEE1CD003,5
AEE1DP001,9
AEE1DP002,9
AEE1DP003,9
AEE1DP004,9
AEE1DP005,9
AEE1JK001,9
AEE1JK002,16
AEE1JK003,4
AEE1JK004,9
AEE1JK005,9
AEE1JK006,5
AEE1JK007,5
AEE1JK008,10
AEE1JP001,10
AEE1JP002,9
AEE1JP003,6
AEE1JP004,11
AEE1JP005,2
AEE1KN001,9
AEE1KT001,9
AEE1KT002,9
AEE1OP001,11
AEE1OP002,2
AEE1OP003,9
AEE1OP004,9
AEE1OP005,9
AEE1OP006,9
AEE1OP007,5
AEE1OP008,9
AEE1OP009,2
AEE1PT001,9
AEE1PT002,9
AEE1PT003,9
AEE1PT004,9
AEE1PT005,9
AEE1PT006,9
AEE1PT007,9
AEE1PT008,9
AEE1PT009,8
AEE1PT010,9
AEE1PT011,9
AEE1PT012,9
AEE1PT013,5
AEE1PT014,9
AEE1PT015,9
AEE1PT016,9
AEE1PT017,9
AEE1PT018,9
AEE1PT019,9
AEE1PT020,9
AEE1PT021,9
AEE1PT022,9
AEE1PT023,9
AEE1SK001,2
AEE1SK002,9
AEE1SK003,9
AEE1SK004,9
AEE1SK005,9
AEE1SK006,9
AEE1ST001,5
AEE1TN001,9
AEE1TS001,5
AEE1TS002,9
AEE1TS003,9
AEE1TS004,2
AEE1TS005,2
AEE1TS006,9
AEE1TS008,9
AEE1TS009,9
AEE1TS010,9
AEE1TS011,9
AEE1TS012,9
AEE1TS013,9
AEE1TS014,9
AEE1TS015,9
AEE1TS016,9
AEE1TS017,9
AEE1TS018,9
AEE1VT001,9
AEE1VT002,9
AEE1VT003,2
AEE1VT004,9
AEE1VT005,9
AEE1VT006,9
AEE1VT007,10
AEE1VT008,9
AEE1VT009,9
AEE1VT010,9
AEE1WS001,9
AEE1WS016,9
AEE2BL001,22
AEE2BL002,9
AEE2BL003,9
AEE2BL004,2
AEE2BL005,5
AEE2BL006,22
AEE2BL007,9
AEE2BL008,9
AEE2BN001,2
AEE2CA001,6
AEE2CD001,5
AEE2KN001,20
AEE2KN002,9
AEE2PT001,9
AEE2TS001,9
AEE2WS001,5
AEE3CD001,2
AEE3TN002,9
AEE3TS001,9
AEE3TS002,9
AEE3TS003,9
AEE8CD001,9
AEE8KN001,9
AEE8KN002,9
AEE8KN003,9
AEF1BL001,9
AEF1BL002,9
AEF1BL003,22
AEF1BL004,9
AEF1BL005,9
AEF1BL006,2
AEF1BL007,2
AEF1BL008,9
AEF1BL009,9
AEF1BL010,2
AEF1BL011,9
AEF1BL012,9
AEF1BL013,10
AEF1BL014,5
AEF1BL015,9
AEF1JK001,9
AEF1JK002,9
AEF1JK003,9
AEF1JK004,10
AEF1JK005,9
AEF1JK006,9
AEF1JK007,11
AEF1JK008,9
AEF1JP001,9
AEF1JP002,5
AEF1JP003,9
AEF1JP004,10
AEF1KN001,2
AEF1LG001,9
AEF1OP001,2
AEF1OP010,3
AEF1OP011,2
AEF1OP012,9
AEF1OP013,22
AEF1OP014,2
AEF1OP015,3
AEF1OP016,5
AEF1OP017,9
AEF1OP018,9
AEF1OP019,9
AEF1PT001,9
AEF1PT002,9
AEF1PT003,2
AEF1PT004,9
AEF1PT005,8
AEF1PT006,9
AEF1PT007,9
AEF1PT008,8
AEF1PT009,9
AEF1PT010,9
AEF1SK001,5
AEF1SK002,9
AEF1SK003,2
AEF1ST001,17
AEF1ST002,9
AEF1TN001,2
AEF1TN002,2
AEF1TN003,2
AEF1TN004,2
AEF1TN005,9
AEF1TN006,9
AEF1TN007,9
AEF1TN008,2
AEF1TN009,9
AEF1TN010,9
AEF1TN011,9
AEF1TN012,2
AEF1TN013,2
AEF1TN014,9
AEF1TN015,5
AEF1TS001,9
AEF1TS002,9
AEF1TS003,9
AEF1TS004,9
AEF1TS005,9
AEF1TS006,9
AEF1TS007,9
AEF1TS008,9
AEF1TS009,9
AEF1TS010,2
AEF1TS011,3
AEF1TS012,12
AEF1TS013,9
AEF1TS014,9
AEF1TS015,9
AEF1TS016,9
AEF1TS017,9
AEF1TS018,9
AEF1TS019,2
AEF1TS020,2
AEF1VT001,9
AEF1VT002,9
AEF1VT003,5
AEF1VT004,9
AEF1VT005,2
AEF1VT006,9
AEF1VT007,9
AEF1VT008,9
AEF1VT009,9
AEF1VT010,9
AEF1VT011,9
AEF1VT012,9
AEF1VT013,9
AEF1VT014,9
AEF1WS001,9
AEF1WS002,9
AEF8BL001,2
AEF8BL002,2
AEF8BL003,9
AEF8BL004,9
AEF8BL005,2
AEF8BL006,9
AEF8BL007,22
AEF8BL008,2
AEF8BL009,9
AEF8BL010,2
AEF8BL011,9
AEF8BL012,9
AEF8BL013,9
AEF8BL014,9
AEF8BL015,2
AEF8BN001,9
AEF8BN002,9
AEF8BN003,9
AEF8BN004,2
AEF8CD001,9
AEF8CD002,9
AEF8CD003,9
AEF8CD004,9
AEF8CD005,5
AEF8CD006,9
AEF8CD007,5
AEF8CD008,9
AEF8CD009,5
AEF8CD010,9
AEF8DP001,9
AEF8JK001,9
AEF8JK002,9
AEF8JP001,1
AEF8JP002,20
AEF8JP003,9
AEF8JP004,9
AEF8JP005,9
AEF8JP006,3
AEF8JP007,9
AEF8JP008,2
AEF8JP009,9
AEF8JP010,22
AEF8JP011,9
AEF8JP012,5
AEF8JP013,1
AEF8JP014,5
AEF8JP015,9
AEF8JP016,2
AEF8JP017,20
AEF8JP018,9
AEF8JP019,10
AEF8KN001,9
AEF8KN002,9
AEF8KT001,2
AEF8KT002,9
AEF8KT003,5
AEF8KT004,9
AEF8OP001,9
AEF8OP002,9
AEF8OP003,9
AEF8OP004,9
AEF8OP005,2
AEF8OP006,2
AEF8OP007,9
AEF8OP008,9
AEF8OP009,5
AEF8OP010,9
AEF8OP011,2
AEF8OP012,2
AEF8OP013,9
AEF8OP014,9
AEF8PT001,9
AEF8PT003,20
AEF8PT004,3
AEF8PT005,9
AEF8PT007,9
AEF8PT008,3
AEF8PT009,9
AEF8PT010,9
AEF8PT011,9
AEF8PT012,9
AEF8PT013,9
AEF8PT014,9
AEF8PT015,9
AEF8PT016,5
AEF8PT017,9
AEF8PT018,9
AEF8PT019,9
AEF8PT020,22
AEF8PT021,9
AEF8PT022,9
AEF8PT023,9
AEF8SK001,22
AEF8SK002,9
AEF8SK003,9
AEF8SK004,9
AEF8SK005,5
AEF8SK006,9
AEF8SK007,9
AEF8SK008,2
AEF8ST001,5
AEF8ST002,9
AEF8ST003,2
AEF8ST004,9
AEF8ST005,9
AEF8ST006,5
AEF8ST007,9
AEF8TS001,9
AEF8TS002,9
AEF8TS003,9
AEF8TS004,5
AEF8TS005,8
AEF8TS006,9
AEF8TS007,2
AEF8TS008,10
AEF8TS009,9
AEF8TS010,9
AEF8TS011,9
AEF8TS012,9
AEF8TS013,2
AEF8TS014,9
AEF8TS015,9
AEF8TS016,9
AEF8TS017,2
AEF8VT001,9
AEF8VT002,9
AEF8VT003,2
AEF8VT004,9
AEF8VT005,11
AEF8VT006,9
AEF8VT007,9
AEF8VT008,9
AEF8WS001,2
AEF8WS002,9
AEF8WS003,9
AEF8WS004,9
AEF8WS005,2
AEF8WS006,9
AEF8WS007,2
AEF8WS008,10
AEF8WS009,9
AEG1BL001,9
AEG1BL002,2
AEG1BL003,9
AEG1BL004,8
AEG1BL005,9
AEG1BL006,10
AEG1BL007,9
AEG1BL008,2
AEG1BL009,9
AEG1BL010,2
AEG1BL011,9
AEG1BL012,9
AEG1BL013,9
AEG1BL014,9
AEG1BL015,2
AEG1BL016,9
AEG1BL017,9
AEG1BL018,2
AEG1BL019,2
AEG1BL020,2
AEG1BL021,9
AEG1BL022,5
AEG1BL023,2
AEG1BL024,3
AEG1BN001,9
AEG1BN002,2
AEG1BN003,22
AEG1DP001,9
AEG1DP002,9
AEG1DP003,9
AEG1DP004,9
AEG1DP005,9
AEG1DP006,9
AEG1JP001,5
AEG1JP002,9
AEG1OP001,5
AEG1OP002,9
AEG1OP003,9
AEG1OP004,22
AEG1OP005,9
AEG1OP006,22
AEG1OP007,22
AEG1OP008,5
AEG1OP009,2
AEG1OP010,2
AEG1OP011,9
AEG1PT001,9
AEG1PT002,9
AEG1PT003,9
AEG1PT004,8
AEG1PT005,9
AEG1PT006,8
AEG1PT007,9
AEG1PT008,8
AEG1PT009,9
AEG1PT010,9
AEG1PT011,2
AEG1PT012,8
AEG1PT013,9
AEG1PT014,9
AEG1PT015,5
AEG1SK001,9
AEG1SK002,9
AEG1ST001,9
AEG1ST002,9
AEG1ST003,9
AEG1TN001,2
AEG1TN002,9
AEG1TN003,9
AEG1TN004,9
AEG1TN005,9
AEG1TN006,2
AEG1TS001,5
AEG1TS002,2
AEG1TS003,2
AEG1TS004,9
AEG1TS005,9
AEG1TS006,9
AEG1TS007,9
AEG1TS008,9
AEG1TS009,9
AEG1TS010,2
AEG1TS011,2
AEG1TS012,2
AEG1TS013,9
AEG1TS014,2
AEG1TS015,9
AEG1TS016,2
AEG1TS017,20
AEG1TS018,9
AEG1TS019,9
AEG1VT001,9
AEG1VT002,9
AEG1VT003,9
AEG1VT004,2
AEG1WS001,9
AEG1WS002,11
AEG1WS003,9
AEG1WS004,11
AEG8BL001,9
AEG8BL002,9
AEG8BL003,22
AEG8BL004,2
AEG8BL005,9
AEG8BL006,9
AEG8BL007,11
AEG8BL008,11
AEG8BL009,2
AEG8BL010,9
AEG8BL011,9
AEG8BL012,9
AEG8BL013,2
AEG8BL014,2
AEG8BL015,9
AEG8BL016,2
AEG8BL017,20
AEG8BL018,2
AEG8BN001,9
AEG8BN002,9
AEG8BN003,9
AEG8CD002,9
AEG8CD003,9
AEG8CD004,5
AEG8CD005,5
AEG8CD006,22
AEG8CD007,5
AEG8CD008,9
AEG8CD009,15
AEG8CD010,15
AEG8DP001,9
AEG8DP002,9
AEG8DP003,9
AEG8DP004,9
AEG8DP005,10
AEG8JK002,2
AEG8JP001,20
AEG8JP002,5
AEG8JP003,9
AEG8JP004,1
AEG8KN001,9
AEG8KN002,9
AEG8KN003,9
AEG8KN004,9
AEG8KT001,9
AEG8KT002,2
AEG8KT004,9
AEG8KT005,9
AEG8KT006,20
AEG8KT007,9
AEG8KT008,2
AEG8KT009,3
AEG8KT010,9
AEG8KT011,2
AEG8KT012,2
AEG8KT013,5
AEG8OP001,2
AEG8OP002,9
AEG8OP003,9
AEG8OP004,9
AEG8OP005,22
AEG8OP006,2
AEG8OP007,2
AEG8OP008,2
AEG8OP009,20
AEG8OP010,3
AEG8OP011,2
AEG8OP012,9
AEG8OP013,2
AEG8OP014,9
AEG8OP015,9
AEG8OP016,9
AEG8OP017,2
AEG8OP018,9
AEG8OP019,5
AEG8OP020,9
AEG8OP021,6
AEG8PT001,9
AEG8PT002,9
AEG8PT003,9
AEG8PT005,9
AEG8PT006,9
AEG8PT007,22
AEG8PT009,9
AEG8PT010,9
AEG8PT011,2
AEG8PT012,9
AEG8PT013,9
AEG8PT015,9
AEG8PT016,9
AEG8PT017,9
AEG8PT018,5
AEG8PT019,2
AEG8PT020,9
AEG8PT021,9
AEG8PT022,9
AEG8SK001,5
AEG8SK002,9
AEG8SK003,2
AEG8SK004,2
AEG8SK005,9
AEG8ST001,9
AEG8ST002,9
AEG8TN001,9
AEG8TN002,9
AEG8TN003,9
AEG8TN004,9
AEG8TN005,9
AEG8TS001,9
AEG8TS002,9
AEG8TS003,9
AEG8TS004,9
AEG8TS005,9
AEG8TS006,9
AEG8TS007,2
AEG8TS008,9
AEG8TS009,9
AEG8TS010,9
AEG8TS011,9
AEG8TS012,9
AEG8TS013,9
AEG8TS014,9
AEG8TS015,9
AEG8TS016,9
AEG8TS017,9
AEG8TS018,9
AEG8TS019,3
AEG8TS020,9
AEG8TS021,9
AEG8TS022,9
AEG8TS023,9
AEG8TS024,9
AEG8TS025,20
AEG8TS026,3
AEG8TS027,3
AEG8TS029,2
AEG8TS030,9
AEG8TS031,2
AEG8TS032,9
AEG8TS033,9
AEG8TS034,9
AEG8VT001,9
AEG8VT002,20
AEG8VT003,9
AEG8VT005,20
AEG8VT006,9
AEG8VT007,9
AEG8WS001,10
AEG8WS002,9
AEG8WS003,9
AEG8WS004,9
AEG8WS005,9
AEG8WS006,5
AEG8WS007,9
AEG8WS008,9
AEG8WS009,9
AEH1BL001,9
AEH1BL002,2
AEH1BL003,9
AEH1BL004,5
AEH1BL005,2
AEH1BL006,9
AEH1BL007,2
AEH1BL008,22
AEH1BL009,2
AEH1BL010,9
AEH1BL011,22
AEH1BL012,9
AEH1BL013,9
AEH1BL101,5
AEH1BL102,5
AEH1BL601,10
AEH1CA201,9
AEH1CA301,9
AEH1CD001,9
AEH1CD002,9
AEH1CD003,9
AEH1CT601,6
AEH1JK001,5
AEH1JK002,6
AEH1JK201,9
AEH1JP301,9
AEH1KN701,9
AEH1OP001,5
AEH1OP002,9
AEH1OP003,9
AEH1OP004,2
AEH1OP005,9
AEH1OP006,9
AEH1OP007,9
AEH1OP008,2
AEH1OP009,2
AEH1OP010,9
AEH1OP011,2
AEH1OP012,9
AEH1OP013,2
AEH1OP014,20
AEH1OP015,9
AEH1OP016,9
AEH1OP017,3
AEH1OP018,9
AEH1OP019,9
AEH1OP020,10
AEH1OP021,5
AEH1OP022,9
AEH1OP023,11
AEH1OP201,3
AEH1OP301,3
AEH1OP601,9
AEH1OP602,6
AEH1PT001,9
AEH1PT002,3
AEH1PT301,5
AEH1SK101,9
AEH1SK601,20
AEH1SK602,15
AEH1ST001,22
AEH1ST002,9
AEH1ST003,20
AEH1ST004,5
AEH1TS001,9
AEH1TS002,9
AEH1TS003,9
AEH1TS004,11
AEH1TS005,9
AEH1TS006,2
AEH1TS007,9
AEH1TS008,5
AEH1TS009,9
AEH1TS010,2
AEH1TS011,5
AEH1TS012,9
AEH1TS013,5
AEH1TS014,9
AEH1TS015,5
AEH1TS016,9
AEH1TS017,2
AEH1TS018,2
AEH1TS301,9
AEH2BL101,9
AEH2BL201,20
AEH2BL401,6
AEH2CA601,9
AEH2CT101,9
AEH2CT201,22
AEH2DP001,9
AEH2DP002,9
AEH2JK201,2
AEH2JP501,9
AEH2OP101,9
AEH2OP201,9
AEH2OP401,6
AEH2OP501,2
AEH2OP601,2
AEH2PT101,9
AEH2PT401,6
AEH2PT501,9
AEH2PT502,9
AEH2PT701,9
AEH2SK001,9
AEH2SK201,3
AEH2TS001,9
AEH2TS501,9
AEH2VT401,6
AEH2VT501,9
AEH2VT601,9
AEH8BL001,20
AEH8BL002,9
AEH8BL003,2
AEH8BL004,9
AEH8BL005,9
AEH8BL006,2
AEH8BL007,9
AEH8BL008,2
AEH8BL009,2
AEH8BL010,9
AEH8BL011,2
AEH8BL012,9
AEH8BL013,9
AEH8BL014,9
AEH8BL015,22
AEH8BL016,9
AEH8BL017,3
AEH8BL018,9
AEH8BL019,9
AEH8BN001,9
AEH8BN002,9
AEH8BN003,9
AEH8BN004,10
AEH8BN015,9
AEH8DP001,9
AEH8JK001,3
AEH8KN001,2
AEH8KN002,9
AEH8KN003,9
AEH8KT001,9
AEH8KT002,9
AEH8KT003,9
AEH8KT004,20
AEH8KT005,5
AEH8KT006,9
AEH8KT007,9
AEH8KT008,2
AEH8OP001,9
AEH8OP002,20
AEH8OP003,3
AEH8OP004,3
AEH8OP005,2
AEH8OP006,2
AEH8OP007,2
AEH8OP008,9
AEH8OP009,3
AEH8OP010,2
AEH8OP011,22
AEH8OP012,9
AEH8OP013,11
AEH8OP014,20
AEH8OP015,9
AEH8OP016,3
AEH8OP017,3
AEH8OP018,9
AEH8OP019,2
AEH8OP020,9
AEH8OP021,11
AEH8OP022,9
AEH8OP023,2
AEH8OP024,2
AEH8OP025,11
AEH8OP026,2
AEH8OP027,9
AEH8OP028,9
AEH8OP029,22
AEH8OP030,12
AEH8OP031,5
AEH8OP032,22
AEH8OP033,9
AEH8OP034,9
AEH8PT001,9
AEH8PT002,9
AEH8PT003,9
AEH8PT004,22
AEH8PT005,9
AEH8PT006,9
AEH8PT007,2
AEH8PT008,9
AEH8PT009,9
AEH8PT010,9
AEH8PT011,9
AEH8PT012,5
AEH8PT013,9
AEH8PT014,2
AEH8PT015,15
AEH8PT016,9
AEH8PT017,9
AEH8PT018,9
AEH8PT019,9
AEH8SK001,9
AEH8SK002,9
AEH8SK003,9
AEH8SK004,20
AEH8SK005,20
AEH8ST001,9
AEH8ST002,2
AEH8ST003,9
AEH8ST004,9
AEH8ST005,17
AEH8ST006,9
AEH8ST007,9
AEH8TN001,9
AEH8TN002,9
AEH8TN003,9
AEH8TS001,9
AEH8TS002,11
AEH8TS003,9
AEH8TS004,9
AEH8TS005,9
AEH8TS006,17
AEH8TS007,9
AEH8TS008,1
AEH8TS009,9
AEH8TS010,9
AEH8VT001,9
AEH8VT002,5
AEH8VT003,9
AEH8VT004,9
AEH8VT005,9
AEH8VT006,9
AEH8VT007,9
AEH8VT008,9
AEH8VT009,9
AEI1BL101,9
AEI1CT101,9
AEI1KN701,9
AEI1OP101,6
AEI1OP102,9
AEI1OP201,9
AEI1OP701,9
AEI1OP702,5
AEI1PT301,9
AEI1PT302,9
AEI1SK101,9
AEI1SK301,2
AEI1TS301,9
AEI1VT101,16
AEI2BG001,9
AEI2BG002,20
AEI2BG003,9
AEI2BG004,9
AEI2BG005,20
AEI2BG006,9
AEI2BG007,5
AEI2BG008,5
AEI2BG009,9
AEI2BG011,9
AEI2BG012,9
AEI2BG013,9
AEI2BG014,22
AEI2BG015,9
AEI2BG016,9
AEI2BL601,20
AEI2BL602,12
AEI2CA501,9
AEI2CA502,9
AEI2CA601,22
AEI2CT101,2
AEI2CT201,22
AEI2CT202,9
AEI2CT401,6
AEI2JK101,4
AEI2KN101,9
AEI2MF001,9
AEI2MF002,9
AEI2MF003,9
AEI2MF004,5
AEI2MF005,9
AEI2OP101,9
AEI2OP301,9
AEI2OP601,9
AEI2OP602,20
AEI2OP603,15
AEI2OP604,22
AEI2PT101,9
AEI2PT301,9
AEI2PT601,9
AEI2SK101,9
AEI2SK201,9
AEI2SK401,9
AEI2SK402,9
AEI2SK601,9
AEI2SK602,9
AEI2VT101,2
AEI2VT601,9
AEJ1CA301,9
AEJ1CA501,9
AEJ1CA601,9
AEJ1CT101,9
AEJ1CT201,9
AEJ1CT401,6
AEJ1CT501,9
AEJ1JP501,9
AEJ1KN201,5
AEJ1KN401,9
AEJ1KN501,9
AEJ1OP301,9
AEJ1OP501,9
AEJ1PT101,9
AEJ1PT401,9
AEJ1PT501,9
AEJ1PT601,9
AEJ1TS501,9
AEJ2BL401,9
AEJ2BL402,9
AEJ2CA401,9
AEJ2CP201,9
AEJ2CT101,5
AEJ2CT201,9
AEJ2OP401,9
AEJ2PT401,9
AEJ2PT402,9
AEJ2SC601,9
AEJ5DP001,9
AEJ5DP002,9
AEJ5DP003,9
AEJ5JK001,6
AEJ5JK002,6
AEJ5JK003,9
AEJ5JP001,9
AEJ5KT001,9
AEJ5KT002,9
AEJ5KT003,9
AEJ5KT004,9
AEJ5KT005,9
AEJ5KT006,2
AEJ5KT007,9
AEJ5KT008,9
AEJ5PT001,9
AEJ5PT002,5
AEJ5PT003,9
AEJ5PT004,8
AEJ5TS001,9
AEJ5TS002,9
AEJ5TS003,9
AEJ5TS004,9
AEJ5TS005,9
AEJ5TS006,5
AEJ5VT001,9
AEJ5VT002,9
AEJ5VT003,9
AEJ6CA001,9
AEJ6JP001,5
AEJ6JP002,9
AEJ6JP003,15
AEJ6JP004,9
AEJ6KT001,9
AEJ6KT002,9
AEJ6TS001,5
AEJ6VT001,9
AEJ6VT002,10
AEK1BL101,9
AEK1BL201,12
AEK1BL401,6
AEK1BL402,9
AEK1BL701,9
AEK1CA701,9
AEK1CT101,20
AEK1CT102,20
AEK1CT201,9
AEK1CT301,9
AEK1CT302,6
AEK1CT303,6
AEK1CT402,9
AEK1CT403,22
AEK1CT404,23
AEK1CT405,20
AEK1CT501,6
AEK1CT701,9
AEK1CT702,6
AEK1CT703,6
AEK1CT704,6
AEK1CT705,9
AEK1CT706,9
AEK1JK101,9
AEK1JK201,5
AEK1JP301,9
AEK1JP401,6
AEK1JP702,9
AEK1JP703,9
AEK1JP704,6
AEK1KN701,9
AEK1KN702,9
AEK1KN703,9
AEK1KN704,9
AEK1KN705,9
AEK1KN706,9
AEK1KN708,9
AEK1KN709,9
AEK1KN710,9
AEK1KN711,9
AEK1KN712,9
AEK1OP101,9
AEK1OP201,11
AEK1OP501,9
AEK1OP601,9
AEK1OP602,9
AEK1OP603,15
AEK1OP604,9
AEK1OP701,9
AEK1PT201,9
AEK1PT301,9
AEK1PT601,9
AEK1PT602,9
AEK1SK101,9
AEK1SK201,20
AEK1SK202,9
AEK1SK501,9
AEK1SK601,1
AEK1SK602,9
AEK1SK603,9
AEK1TS501,9
AEK1TS701,6
AEK1TS702,9
AEK1TS703,9
AEK1VT401,6
AEK1VT403,10
AEK1VT601,12
AEK1VT701,9
AEK2CT701,9
AEK2CT702,6
AEK2CT703,6
AEK2CT704,9
AEK2PT701,9
AEK2PT702,9
AEK2PT703,9
AEK2PT706,9
AEK2PT707,9
AEK5BL001,9
AEK5BL002,9
AEK5BL003,9
AEK5BL004,9
AEK5BL005,10
AEK5BL006,9
AEK5BL007,9
AEK5CA001,9
AEK5CA002,9
AEK5CA003,9
AEK5CA004,9
AEK5CA005,11
AEK5CA006,9
AEK5CA007,5
AEK5CA008,9
AEK5CT001,9
AEK5CT002,4
AEK5CT003,9
AEK5CT004,9
AEK5CT005,5
AEK5CT006,9
AEK5CT007,6
AEK5CT008,9
AEK5CT009,10
AEK5CT010,6
AEK5CT011,9
AEK5CT012,9
AEK5CT013,16
AEK5CT014,9
AEK5DP001,9
AEK5DP002,9
AEK5DP003,9
AEK5DP004,9
AEK5DP005,9
AEK5DP006,9
AEK5DP007,9
AEK5JK001,9
AEK5JK002,15
AEK5JK003,9
AEK5JK004,9
AEK5JP001,9
AEK5JP002,10
AEK5JP003,6
AEK5JP004,6
AEK5JP005,6
AEK5JP006,9
AEK5JP007,9
AEK5KT001,9
AEK5KT002,9
AEK5KT003,9
AEK5KT004,9
AEK5KT005,9
AEK5KT006,2
AEK5KT007,6
AEK5KT008,9
AEK5KT009,9
AEK5KT010,9
AEK5KT011,9
AEK5KT012,9
AEK5KT013,9
AEK5KT014,9
AEK5KT017,9
AEK5KT018,2
AEK5KT019,9
AEK5KT020,9
AEK5KT021,9
AEK5LG001,9
AEK5OP001,9
AEK5OP002,9
AEK5OP003,9
AEK5OP004,9
AEK5OP005,5
AEK5OP006,9
AEK5OP007,9
AEK5OP008,9
AEK5OP009,5
AEK5PT001,9
AEK5PT002,9
AEK5PT003,9
AEK5PT004,9
AEK5PT005,9
AEK5PT006,9
AEK5PT007,9
AEK5PT008,9
AEK5PT009,9
AEK5ST001,9
AEK5ST002,9
AEK5TS001,9
AEK5TS002,9
AEK5TS003,9
AEK5TS004,9
AEK5TS005,10
AEK5TS006,9
AEK5TS008,9
AEK5TS009,9
AEK5TS012,9
AEK5TS013,9
AEK5TS014,9
AEK5TS015,9
AEK5TS016,5
AEK5TS017,9
AEK5TS018,5
AEK5TS019,9
AEK5TS020,9
AEK5VT001,10
AEK5VT002,9
AEK5VT003,9
AEK5VT004,16
AEK5VT005,5
AEK5VT006,6
AEK5VT007,16
AEK5VT008,6
AEK5VT010,9
AEK5WS001,5
AEK5WS002,9
AEK5WS003,9
AEK5WS004,9
AEK5WS005,9
AEK5WS006,9
AEK5WS009,9
AEK5WS010,15
AEK5WS011,9
AEL5BL001,2
AEL5CA001,9
AEL5CT001,9
AEL5CT002,4
AEL5CT003,8
AEL5CT004,9
AEL5CT005,5
AEL5CT006,9
AEL5CT007,16
AEL5DP001,9
AEL5DP002,9
AEL5JK001,9
AEL5JP001,9
AEL5JP002,6
AEL5JP003,9
AEL5JP004,6
AEL5JP005,9
AEL5JP006,9
AEL5JP007,6
AEL5JP008,9
AEL5JP009,9
AEL5JP010,9
AEL5JP011,9
AEL5JP012,5
AEL5KT001,9
AEL5KT002,9
AEL5KT003,9
AEL5KT004,9
AEL5KT005,9
AEL5KT006,9
AEL5KT007,9
AEL5KT008,9
AEL5KT009,10
AEL5KT010,9
AEL5KT011,9
AEL5KT012,9
AEL5KT013,15
AEL5KT014,8
AEL5LG001,9
AEL5LG002,9
AEL5LG003,9
AEL5OP001,9
AEL5OP002,9
AEL5OP003,9
AEL5OP004,9
AEL5PT001,5
AEL5PT002,9
AEL5PT003,9
AEL5PT004,5
AEL5SB001,10
AEL5ST001,9
AEL5ST002,9
AEL5ST003,9
AEL5TS001,20
AEL5TS002,9
AEL5TS003,6
AEL5TS004,9
AEL5TS005,9
AEL5TS006,9
AEL5TS007,9
AEL5TS008,2
AEL5TS009,9
AEL5TS010,9
AEL5TS011,9
AEL5TS012,5
AEL5VT001,5
AEL5VT002,5
AEL5VT003,5
AEL5VT004,9
AEL5VT005,9
AEL5VT006,9
AEL5VT007,9
AEL5VT008,6
AEL5VT009,6
AEL5VT010,6
AEL5VT011,2
AEL5VT012,5
AEL5VT013,9
AEL5VT014,9
AEL5VT015,3
AEL5VT016,9
AEL5VT017,9
AEL5VT018,9
AEL7CA801,9
AEL7CT801,9
AEL7JP801,2
AEL7JP802,9
AEL7JP803,15
AEL7JP804,3
AEL7JP805,9
AEL7JP806,22
AEL7JP807,22
AEL7JP808,9
AEL7KN801,20
AEL7KN802,9
AEL7KN803,2
AEL7KN804,9
AEL7KN805,9
AEL7KN806,9
AEL7KN807,9
AEL7KN808,9
AEL7KN812,9
AEL7KN813,9
AEL7KN814,9
AEL7KN815,9
AEL7KN816,9
AEL7KN817,5
AEL7KN818,9
AEL7KN819,9
AEL7KN820,9
AEL7KN822,9
AEL7OP801,5
AEL7OP802,9
AEL7VT801,9
AEL7VT802,7
AEL7VT803,9
AEL7VT804,9
AEL7VT805,9
AEL7VT806,9
AEL7VT807,6
AEL7VT808,9
AEL7VT809,9
AEL7VT810,16
